state_body,program_code,program_name,program_goal,program_result_desc,state_body_total_y0,state_body_total_y1,state_body_total_y2,program_total_y0,program_total_y1,program_total_y2
Հանրապետության նախագահի աշխատակազմ,1154,Հանրապետության նախագահի լիազորությունների իրականացման ապահովում,Աջակցել Հանրապետության նախագահի լիազորությունների իրականացման ապահովմանը,ՀՀ նախագահի  Սահմանադրությամբ սահմանված լիազորությունների իրականացման ապահովումը,1771633.0,1697532.5,1705548.7,1771633.0,1697532.5,1705548.7
ՀՀ Ազգային ժողով,1024,ՀՀ Ազգային ժողովի լիազորությունների իրականացման ապահովում,Օրենսդրական դաշտի ձևավորում և կատարելագործում,Արդյունավետ օրենսդրական դաշտի ապահովում,6659801.6,6713762.0,6755562.3,6659801.6,6713762.0,6755562.3
ՀՀ վարչապետի աշխատակազմ,1018,Պետական հատվածի արդիականացման ծրագիր,Ընտրված էլեկտրոնային կառավարման կատարելագործված ծառայությունների հասանելիության բարելավում,"Ծառայությունների մատուցման էլեկտրոնային կառավարման լուծումների իրագործում, հանրային հատվածի արդիականացման և կառավարման բարեփոխումների ընդգրկուն ընթացքի ապահովում:",23167239.7,23174390.3,22261395.7,1662743.2,4301140.1,3242801.6
ՀՀ վարչապետի աշխատակազմ,1033,Աջակցություն հասարակական և այլ կազմակերպություններին,Քաղաքացիական հասարակության զարգացում,Հասարակության կայուն զարգացման գործընթացներում քաղաքացիական հասարակության կառույցների ընդգրկվածություն և մասնակցություն,23167239.7,23174390.3,22261395.7,73813.0,70941.0,73813.0
ՀՀ վարչապետի աշխատակազմ,1091,Հանրային իրազեկում,"Հանրային կապերի, պետական մարմինների թափանցիկության, տեղեկատվության մատչելիության ապահովում","Հանրության իրազեկվածության մակարդակի բարելավում, ՀՀ համար կարևոր նշանակություն ունեցող իրադարձությունների լուսաբանում",23167239.7,23174390.3,22261395.7,1323664.6,1351929.0,1383019.9
ՀՀ վարչապետի աշխատակազմ,1132,Քաղաքացիական ծառայողների վերապատրաստում,Քաղաքացիական ծառայողների աշխատանքի  արդյունավետության բարելավում,"Քաղաքացիական ծառայության ոլորտում անկախ, արհեստավարժ և բարոյական բարձր հատկանիշներով օժտված կադրերի ապահովումը",23167239.7,23174390.3,22261395.7,9755.3,9755.3,9644.0
ՀՀ վարչապետի աշխատակազմ,1136,ՀՀ Վարչապետի լիազորությունների իրականացման ապահովում,"Աջակցել կառավարության, վարչապետի և փոխվարչապետերի գործունեությանը",ՀՀ կառավարության և վարչապետի որոշումների ու հանձնարարականների կատարման վերահսկողության ապահովում,23167239.7,23174390.3,22261395.7,8904084.1,7142845.4,7183509.3
ՀՀ վարչապետի աշխատակազմ,1156,Հայաստան-Սփյուռք գործակցության ծրագիր,Նպաստել Հայաստանի և հայկական սփյուռքի միջև կապերի ամրապնդմանը և զարգացմանը,"Հայաստանի և Սփյուռքի միջև կրթական, մշակութային և երիտասարդական հաղորդակցության, ճանաչողության և տեղեկացվածության մակարդակի բարձրացում",23167239.7,23174390.3,22261395.7,516540.0,516540.0,516540.0
ՀՀ վարչապետի աշխատակազմ,1213,Տեսչական վերահսկողության ծրագիր,Տեսչական վերահսկողության ապահովում,Տեխնիկական կանոնակարգերին համապատասխանության գնահատում և պահանջների պահպանում,23167239.7,23174390.3,22261395.7,7040756.2,6991239.4,7062067.8
ՀՀ վարչապետի աշխատակազմ,1214,Արդյունահանող ճյուղերի զարգացման ծրագիր,Հայաստանում տնտեսական աճին հանքարդյունաբերության ոլորտի նպաստի ամրապնդում,"Հանքարդյունաբերության ոլորտի քաղաքականության մշակմանն աջակցության ապահովում, ապագայի միասնական տեսլականի ձևավորում, ոլորտի թափանցիկության և հաշվետվողականության բարձրացում",23167239.7,23174390.3,22261395.7,90389.2,0.0,0.0
ՀՀ վարչապետի աշխատակազմ,1221,Տոների և հիշատակի օրերի ծրագիր,Տոների և հիշատակի օրերին նվիրված միջոցառումների անցկացում ի նպաստ Ազգային ինքնության պահպանման,Հայի պատմական անցյալի արժեվորում ու պահպանում,23167239.7,23174390.3,22261395.7,40000.0,40000.0,40000.0
ՀՀ վարչապետի աշխատակազմ,1222,ՀՀ զարգացման գործընթացներում Սփյուռքի ներուժի ներգրավում,"Սփյուռք ներուժի բացահայտում, տեղեկատվական համակարգերի ստեղծում,   ՀՀ զարգացման գործընթացներում ներգրավվածություն, Հայաստան- Սփյուռք համատեղ ծրագրերի իրականացում, ըստ ոլորտների համահայկական մասնագիտական ցանցերի ստեղծում","Սփյուռք ներուժի բացահայտում, սփյուռքի, համահայկական կառույցների և գործիչների վերաբերյալ տեղեկատվական համակարգերի ստեղծում, համահայկական համաժողովների արդյունքում նոր ծրագրերի մշակում և իրականացում",23167239.7,23174390.3,22261395.7,300000.1,300000.1,300000.1
ՀՀ վարչապետի աշխատակազմ,1223,"Միջազգային դատարաններում, միջազգային արբիտրաժներում և այլ միջազգային ատյաններում ՀՀ շահերի ներկայացում և պաշտպանություն , դրանց կողմից ընդունված վճիռների և որոշումների կատարման ապահովում","Միջազգային դատարաններում, միջազգային արբիտրաժներում և այլ միջազգային ատյաններում ՀՀ վերաբերյալ գործընթացներում մասնակցություն, դրանց կողմից ընդունված վճիռների և որոշումների կատարման ապահովում","ՀՀ շահերի ներկայացում և պաշտպանություն , ՀՀ վերաբերյալ վճռի կամ որոշման կատարման գործընթացի ապահովում",23167239.7,23174390.3,22261395.7,3205494.0,2450000.0,2450000.0
ՀՀ սահմանադրական դատարան,1092,ՀՀ սահմանադրական դատարանի գործունեության ապահովում,ՀՀ-ում սահմանադրական արդարադատության իրականացում և սահմանադրության գերակայության ապահովում,"ՀՀ-ում սահմանադրականության, քաղաքացիների և կազմակերպությունների իրավունքի ապահովումը",874925.8,869870.0,877796.7,874925.8,869870.0,877796.7
Բարձրագույն դատական խորհուրդ,1080,Դատական իշխանության գործունեության ապահովում և իրականացում,"Դատական իշխանության անկախության երաշխավորում, բնականոն գործունեության և դատական պաշտպանության իրավունքի ապահովում",Դատական իշխանության գուծունեության և դատական պաշտպանության իրավունքի ապահովման արդյունավետության բարձրացում,19106166.8,21138590.1,20322846.3,19106166.8,21138590.1,20322846.3
ՀՀ դատախազություն,1013,Փորձաքննության ծառայություններ,Հանցագործությունների բացահայտման մակարդակի բարելավում,Բացահայտված հանցագործությունների աճ,9705935.4,9789451.0,9905449.5,872811.9,872812.0,872811.9
ՀՀ դատախազություն,1087,Դատավարական ղեկավարում և դատախազական հսկողություն,"ՀՀ-ում հանցավորության դեմ պայքար, հանցագործության դեպքերի կանխարգելում և կրճատում, հանցագործության բոլոր դեպքերի առնչությամբ բազմակողմանի,լրիվ և օբյեկտիվ քննության ապահովում","ՀՀ-ում մարդու իրավունքների, ազատությունների և օրինական շահերի պաշտպանության արդյունավետության բարձրացում, հանցավորությունների կանխարգելման արդյունավետության աճ",9705935.4,9789451.0,9905449.5,8822323.5,8905839.0,9021837.6
ՀՀ դատախազություն,1144,Մասնագիտական ուսուցում և որակավորման բարձրացում,Փորձաքննություններ նշանակելու և ելակետային տվյալների ձեռքբերման իրավասություն ունեցող համակարգերի աշխատանքի  արդյունավետության բարելավում,Փորձաքննություններ նշանակելու և ելակետային տվյալների ձեռքբերման իրավասություն ունեցող համակարգերի աշխատակիցների աշխատանքի արդյունավետության աճ,9705935.4,9789451.0,9905449.5,10800.0,10800.0,10800.0
ՀՀ տարածքային կառավարման և ենթակառուցվածքների նախարարություն,1001,"Տարածքային կառավարման ոլորտում քաղաքականության մշակում, ծրագրերի համակարգում և մոնիտորինգի իրականացում",Տարածքային կառավարման բնագավառում պետական արդյունավետ քաղաքականության մշակման և իրականացման ապահովում,Տարածքային կառավարման քաղաքականության իրագործմանն ուղղված ծրագրերի  ազդեցության և արդյունավետության բարելավում,347527239.6,396074547.7,408871130.4,1633445.5,1625855.3,1640308.2
ՀՀ տարածքային կառավարման և ենթակառուցվածքների նախարարություն,1004,Ոռոգման համակարգի առողջացում,Ոռոգման ծառայությունների հասանելիության և մատչելիության ապահովում,"Ոռոգման ջրի մատակարարման արդյունավետության և հասանելիության բարելավում, կորուստների կրճատում",347527239.6,396074547.7,408871130.4,35777173.4,38524416.8,25582361.1
ՀՀ տարածքային կառավարման և ենթակառուցվածքների նախարարություն,1017,Որոտան-Արփա-Սևան թունելի ջրային համակարգի կառավարում,Որոտան-Արփա-Սևան թունելի ջրային համակարգի պահպանում և շահագործում,Որոտան-Արփա-Սևան հիդրոհամակարգի անվտանգության և հուսալիության ապահովում,347527239.6,396074547.7,408871130.4,300000.0,350000.0,350000.0
ՀՀ տարածքային կառավարման և ենթակառուցվածքների նախարարություն,1019,Սոցիալական ներդրումների և տեղական զարգացման ծրագիր,Նպաստել տարածքներում բնակչության նյութական և ոչ նյութական բարեկեցության աճին,"Համայնքային և միջհամայնքային ենթակառուցվածքների և որակի հասանելիության բարելավում, ինստիտուցիոնալ և ֆինանասական կարողությունների հզորացում",347527239.6,396074547.7,408871130.4,4636341.9,2515085.5,487971.2
ՀՀ տարածքային կառավարման և ենթակառուցվածքների նախարարություն,1027,Կոլեկտորադրենաժային ծառայություններ,Կոլեկտորադրենաժային ցանցի միջոցով գրունտային ջրերի հեռացում և համակարգի կենսունակության բարելավում,Գերխոնավ տարածքներում մշակելի հողատարածքների ապահովում և ընդլայնում,347527239.6,396074547.7,408871130.4,298094.5,305546.9,313185.5
ՀՀ տարածքային կառավարման և ենթակառուցվածքների նախարարություն,1038,Տարածքային կառավարման և տեղական ինքնակառավարման մարմինների ներկայացուցիչների մասնագիտական վերապատրաստում և հատուկ ուսուցում,Տարածքային կառավարման և տեղական ինքնակառավարման մարմինների աշխատակիցների աշխատանքի արդյունավետության բարելավում,Տարածքային կառավարման մարմինների մասնագիտական հմտությունների և կարողությունների բարելավում,347527239.6,396074547.7,408871130.4,14594.0,14933.0,14933.0
ՀՀ տարածքային կառավարման և ենթակառուցվածքների նախարարություն,1040,Կոշտ թափոնների կառավարում,Կենցաղային թափոնների արդյունավետ կառավարում սոցիալական և բնապահպանական խնդիրների լուծում,Կենցաղային թափոնների արդյունավետ կառավարում,347527239.6,396074547.7,408871130.4,2622519.2,706644.0,842918.0
ՀՀ տարածքային կառավարման և ենթակառուցվածքների նախարարություն,1049,Ճանապարհային ցանցի բարելավում,Ճանապարհային ցանցի բարելավում և անվտանգ երթևեկության ապահովում,"Ճանապարհների ծածկի որակի և փոխադրումների արդյունավետության բարելավում, ճանապարհների վիճակով պայմանավորված պատահարների նվազում",347527239.6,396074547.7,408871130.4,153066029.6,180544271.3,205099073.5
ՀՀ տարածքային կառավարման և ենթակառուցվածքների նախարարություն,1070,Աջակցություն փախստականների ինտեգրմանը,Փախստականների ինտեգրում հասարակություն,Փախստականներին մատուցվող ծառայությունների ընդգրկման և ծառայությունների շրջանակի ընդլայնում,347527239.6,396074547.7,408871130.4,158950.7,158950.7,158950.7
ՀՀ տարածքային կառավարման և ենթակառուցվածքների նախարարություն,1072,Ջրամատակարարաման և ջրահեռացման բարելավում,Ջրամատակարարման ծառայությունների հասանելիության և մատչելիության ապահովում,"Խմելու ջրի մատակարարման և ջրահեռացման համակարգի բարելավում, կորուստների կրճատում",347527239.6,396074547.7,408871130.4,11403853.4,7119987.4,41535.7
ՀՀ տարածքային կառավարման և ենթակառուցվածքների նախարարություն,1073,"Ընդերքի ուսումնասիրության, օգտագործման և պահպանման ծառայություններ",Ընդերքի օգտագործման արդյունավետության բարձրացում,Ընդերքօգտագործման միասնական ֆոնդի ստեղծում և վարում,347527239.6,396074547.7,408871130.4,22000.0,22000.0,22000.0
ՀՀ տարածքային կառավարման և ենթակառուցվածքների նախարարություն,1077,Երկաթուղային ցանցի զարգացում,Երկաթուղային ցանցի զարգացում,Երկաթուղու աշխատանքի որակի բարելավում,347527239.6,396074547.7,408871130.4,295000.0,319400.0,234100.0
ՀՀ տարածքային կառավարման և ենթակառուցվածքների նախարարություն,1079,Պետական գույքի կառավարում,Պետական գույքի համալիր և արդյունավետ կառավարման ապահովում,Պետական գույքի կառավարման արդյունավետության բարձրացում,347527239.6,396074547.7,408871130.4,-5569939.0,-6976821.8,-8371872.6
ՀՀ տարածքային կառավարման և ենթակառուցվածքների նախարարություն,1106,Միգրացիոն բնագավառում պետական քաղաքականության մշակում և իրականացում,Միգրացիոն պետական քաղաքականության մշակում և արդյունավետ իրականացում,Միգրացիոն պետական քաղաքականության մշակում և իրագործման միջոցառումների արդյունավետության աճ,347527239.6,396074547.7,408871130.4,236166.0,236185.7,236185.7
ՀՀ տարածքային կառավարման և ենթակառուցվածքների նախարարություն,1109,Ջրային տնտեսության ոլորտում ծրագրերի համակարգում և մոնիտորինգ,Ջրային տնտեսության ոլորտում պետական արդյունավետ ծրագրերի մշակման և իրականացման  ապահովում,Ջրային տնտեսության ոլորտում իրականացվող ծրագրերի ազդեցության և արդյունավետության բարելավում,347527239.6,396074547.7,408871130.4,468790.2,463834.0,468018.5
ՀՀ տարածքային կառավարման և ենթակառուցվածքների նախարարություն,1110,Այլընտրանքային աշխատանքային ծառայություն,Քաղաքացիական պարտքի կատարման այլընտրանքային տարբերակների ապահովում,Այլընտրանքային աշխատանքային ծառայության արդյունավետության ապահովում,347527239.6,396074547.7,408871130.4,23160.0,9720.0,450.0
ՀՀ տարածքային կառավարման և ենթակառուցվածքների նախարարություն,1157,Քաղաքային զարգացում,Քաղաքային ենթակառուցվածքների զարգացում,Քաղաքային ենթակառուցվածքների արդիականացում և բարելավում,347527239.6,396074547.7,408871130.4,17550714.4,22543945.7,20760643.8
ՀՀ տարածքային կառավարման և ենթակառուցվածքների նախարարություն,1167,Էլեկտրաէներգետիկ համակարգի զարգացման ծրագիր,Նպաստել էլեկտրաէներգետիկ համակարգի հուսալիության բարձրացմանը և էլեկտրաէներգիայի անխափան մատակարարման ապահովմանը,Հուսալի և անվտանգ էլեկտրամատակարարման ապահովում,347527239.6,396074547.7,408871130.4,1278368.0,1126515.6,1473207.1
ՀՀ տարածքային կառավարման և ենթակառուցվածքների նախարարություն,1171,Ռադիոակտիվ թափոնների կառավարում,Բնակչության և շրջակա միջավայրի պաշտպանություն ռադիոակտիվ թափոնների վնասակար ազդեցությունից,"Ռադիոակտիվ թափոնների հավաքագրում, վնասազերծում և պահպանում",347527239.6,396074547.7,408871130.4,40264.2,40264.2,40264.2
ՀՀ տարածքային կառավարման և ենթակառուցվածքների նախարարություն,1176,Ավիացիայի բնագավառում վերահսկողության և կանոնակարգման ապահովում,ՀՀ քաղաքացիական ավիացիայի համակարգի ենթակառուցվածքների գործունեության կանոնակարգում  և զարգացում,ՀՀ օդային տարածքով քաղաքացիների և բեռների անվտանգ և արագ տեղափոխման գործընթացների պատշաճ կանոնակարգում և դրանց պահանջների ապահովում,347527239.6,396074547.7,408871130.4,1632169.4,1635694.4,1640467.4
ՀՀ տարածքային կառավարման և ենթակառուցվածքների նախարարություն,1189,Դպրոցների սեյսմիկ անվտանգության մակարդակի բարձրացման ծրագիր,"Նպաստել երկրի սեյսմակայունության ապահովմանը, անհատական և հասարակական անվտանգության մակարդակի բարձրացմանը",Դպրոցական շենքերի սեյսմակայունության մակարդակի բարձրացում,347527239.6,396074547.7,408871130.4,10190612.2,16596377.8,10288643.0
ՀՀ տարածքային կառավարման և ենթակառուցվածքների նախարարություն,1212,Տարածքային զարգացում,Տարածքային համաչափ զարգացման խթանում,ՀՀ համայնքների կառավարման արդյունավետության բարձրացում և տնտեսական գործունեության խթանում,347527239.6,396074547.7,408871130.4,109859638.6,126644576.4,145227178.4
ՀՀ տարածքային կառավարման և ենթակառուցվածքների նախարարություն,1232,Էներգաարդյունավետության ծրագիր,Էներգախնայողության և վերականգնվող էներգետիկայի ներուժի առավելագույն իրացում,Էներգախնայողության մակարդակի բարձրացում և վերականգնվող էներգետիկայի մասնաբաժնի աճ,347527239.6,396074547.7,408871130.4,1589293.4,1547164.8,2320608.0
ՀՀ  առողջապահության  նախարարություն,1003,Հանրային առողջության պահպանում,"Մարդու օրգանիզմի վրա շրջակա միջավայրի վնասակար և վտանգավոր գործոնների ազդեցության բացառում և նվազեցում, կառավարելի վարակիչ հիվանդությունների դեմ պայքար:","Բնակչության սանիտարահամաճարակային անվտանգության և վարակիչ հիվանդությունների նկատմամբ բնակչության անընկալության ապահովում: Հանրապետությունում արյան, արյան բաղադրամասերի և արյան  պատրաստուկների  անհրաժեշտ  քանակության ապահովում",168065018.8,218567408.4,283810816.3,7334825.6,7334825.6,7334825.6
ՀՀ  առողջապահության  նախարարություն,1053,Առողջապահության համակարգի արդիականացման և արդյունավետության բարձրացման ծրագիր,Առողջապահության համակարգի արդիականացում և զարգացում,"Առողջապահական ենթակառուցվածքների բարելավում, կարողությունների զարգացում",168065018.8,218567408.4,283810816.3,2275941.6,1500.0,0.0
ՀՀ  առողջապահության  նախարարություն,1099,Առողջության առաջնային պահպանում,"Բնակչությանը մատչելի և որակյալ առաջնային բժշկական օգնության և սպասարկման տրամադրում, առողջության վատթարացման ռիսկի գործոնների վերհանում և դրանց հնարավոր անբարենպաստ ազդեցության կանխարգելում","Առողջության առաջնային պահպանման օղակում ցուցաբերվող բժշկական օգնության որակի, հիվանդությունների վաղ հայտնաբերման և կանխարգելման մակարդակի բարելավում, առողջապահական ծառայությունների վերաբերյալ իրազեկվածության և դրանց նկատմամբ պահանջարկի ավելացում",168065018.8,218567408.4,283810816.3,31629593.5,31629593.5,31629593.5
ՀՀ  առողջապահության  նախարարություն,1126,"Առողջապահության ոլորտում պետական քաղաքականության մշակում, ծրագրերի համակարգում և մոնիտորինգ","Մարդու և հանրության առողջության պահպանում, բնակչության առողջության բարելավում, հիվանդությունների կանխարգելում, հաշմանդամության և մահացության ցուցանիշների նվազեցում",Առողջապահության ոլորտում իրականացվող ծրագրերի ազդեցության և արդյունավետության բարելավում,168065018.8,218567408.4,283810816.3,12203183.2,15114772.7,10924536.6
ՀՀ  առողջապահության  նախարարություն,1142,Դատաբժշկական և ախտաբանաանատոմիական ծառայություններ,Պաթանատոմիական կանխորոշումների հիման վրա ախտորոշման և բուժման արդյունավետության բարձրացում,Մահերի պատճառների բացահայտում,168065018.8,218567408.4,283810816.3,571840.2,571840.2,571840.2
ՀՀ  առողջապահության  նախարարություն,1188,Դեղապահովում,"Դեղերի անվտանգության, արդյունավետության և որակի ապահովում,  ՀՀ հիմնական դեղերի ցանկում առկա կենսականորեն անհրաժեշտ դեղերի ֆիզիկական և տնտեսական մատչելիության բարձրացում",Հանրապետությունում առանձին հիվանդություններով տառապող անձանց առանցքային նշանակության դեղորայքի մատչելիության բարձրացում,168065018.8,218567408.4,283810816.3,4629995.8,4629995.8,4629995.8
ՀՀ  առողջապահության  նախարարություն,1191,"Խորհրդատվական, մասնագիտական աջակցություն և հետազոտություններ","Բժշկական օգնության կազմակերպման ու որակի բարձրացման կարգավորման մասնագիտական, խորհրդատվական, կազմակերպամեթոդական ապահովում, համակարգի գործունեության արդյունքների գնահատում",Առողջապահական վիճակագրության և նորմատիվային համակարգի բարելավում:  Առողջապահական համակարգի գործունեության արդյունքների և կենսաբժշկական ոլորտի տեղեկատվությամբ ապաhովում,168065018.8,218567408.4,283810816.3,382426.3,382426.3,382426.3
ՀՀ  առողջապահության  նախարարություն,1200,Մոր և մանկան առողջության պահպանում,"Մոր և մանկան առողջության պահպանում, կանանց և երեխաներին մատուցվող բժշկական ծառայությունների մատչելիության և որակի բարելավում","Մանկական և մայրական մահացության և հիվանդացության կրճատում, կանանց վերարտադրողական առողջության բարելավում",168065018.8,218567408.4,283810816.3,23016999.2,23016999.2,23016999.2
ՀՀ  առողջապահության  նախարարություն,1201,Շտապ բժշկական օգնություն,Մարդու կյանքին և առողջությանը վտանգ սպառնացող վիճակներում որակյալ շտապ բժշկական օգնության ծառայությունների տրամադրում,"Շտապ օգնության համակարգի պատրաստվածության բարելավում, արձագանքման արագության, հասանելիության և բժշկական օգնության ծառայությունների որակի բարելավում",168065018.8,218567408.4,283810816.3,5311043.3,5311043.3,5311043.3
ՀՀ  առողջապահության  նախարարություն,1202,Ոչ վարակիչ հիվանդությունների բժշկական օգնության ապահովում,"Ոչ վարակիչ հիվանդությունների (մասնավորապես՛ սիրտանոթային, շաքարային դիաբետի և չարորակ նորագոյացությունների) բուժման արդյունավետության բարձրացում",Ոչ վարակիչ հիվանդություններով պայմանավորված հիվանդացության և մահացության նվազեցում,168065018.8,218567408.4,283810816.3,39720441.8,89585683.5,159020827.5
ՀՀ  առողջապահության  նախարարություն,1207,Սոցիալապես անապահով և առանձին խմբերի անձանց բժշկական օգնություն,"Սոցիալապես անապահով և հատուկ խմբերում ընդգրկված անձանց բժշկական օգնության հասանելիության և մատչելիության մակարդակի բարձրացում, հիվանդանոցային որակյալ բժշկական օգնության ապահովում","Սոցիալապես անապահով և հատուկ խմբերում ընդգրկված անձանց բժշկական օգնության հասանելիության և մատչելիության բարձրացում, ծառայությունների մատուցման հասցեականության բարելավում",168065018.8,218567408.4,283810816.3,38648178.1,38648178.1,38648178.1
ՀՀ  առողջապահության  նախարարություն,1208,Վարակիչ հիվանդությունների կանխարգելման ծրագիր,"Վարակիչ և բնակչության համար մեծ ռիսկ ներկայացնող հիվանդությունների (մալարիա, տուբերկուլյոզ, ՄԻԱՎ/ՁԻԱՀ և այլն) վաղ հայտնաբերում, արդյունվետ հակազդում և բժշկական օգնության ապահովում:","Վարակի փոխանցման, վարակիչ հիվանդություններով պայմանավորված հիվանդացության և մահացության նվազեցում",168065018.8,218567408.4,283810816.3,2340550.2,2340550.2,2340550.2
ՀՀ  արդարադատության նախարարություն,1052,Քաղաքացիական կացության ակտերի գրանցում,Քաղաքացիական կացության ակտերի գրանցում,"Քաղաքացիական կացության ակտերի գրանցման համակարգի զարգացում, գործընթացի արդյունավետության բարելավում",22956714.4,59602666.0,25834500.0,156433.2,156433.0,156433.2
ՀՀ  արդարադատության նախարարություն,1057,"Արդարադատության ոլորտում քաղաքականության  մշակում, ծրագրերի համակարգում, խորհրդատվության և մոնիտորինգի իրականացում","Արդարադատության ոլորտում քաղաքականության, խորհրդատվության, մոնիտորինգի, գնման և աջակցության իրականացում",Արդարադատության քաղաքականության իրագործմանն ուղղված ծրագրերի արդյունավետության բարելավում,22956714.4,59602666.0,25834500.0,2271233.1,2265231.0,2282021.7
ՀՀ  արդարադատության նախարարություն,1093,Դատական և հանրային պաշտպանություն,Իրավունքի պաշտպանության հասանելիության և օբյեկտիվության ապահովում,Հանրային պաշտպանի ծառայությունների հասցեականության և  դատական գործընթացներին աջակցության ապահովում,22956714.4,59602666.0,25834500.0,2040578.7,2040579.0,2040578.7
ՀՀ  արդարադատության նախարարություն,1120,Քրեակատարողական ծառայություններ,Դատապարտյալների պատժի կատարման և ուղղման համար անհրաժեշտ պայմանների ապահովում,Դատապարտյալների զբաղվածության և իրավունքների պաշտպանություն,22956714.4,59602666.0,25834500.0,13589218.8,47600381.0,14495912.2
ՀՀ  արդարադատության նախարարություն,1123,Իրավական իրազեկում և տեղեկատվության ապահովում,Հանրության իրազեկվածության ապահովում,Իրավական տեղեկատվության մատչելիության և հանրության իրազեկվածության մակարդակի աճ,22956714.4,59602666.0,25834500.0,1235896.7,1232897.0,1232896.7
ՀՀ  արդարադատության նախարարություն,1149,Արդարադատության համակարգի աշխատակիցների վերապատրաստում և հատուկ ուսուցում,Արդարադատության համակարգի աշխատակիցների աշխատանքի  արդյունավետության բարելավում,Արդարադատության համակարգի աշխատակիցների մասնագիտական գիտելիքների և կարողությունների բարելավում,22956714.4,59602666.0,25834500.0,530971.3,530972.0,530971.3
ՀՀ  արդարադատության նախարարություն,1182,Հարկադիր կատարման ծառայություններ,Հարկադիր կատարման ենթակա ակտերի կատարման ապահովում,Հարկադիր կատարման ենթակա ակտերի կատարողական ընթացակարգերի զարգացում և  կատարման ապահովում,22956714.4,59602666.0,25834500.0,3132382.6,3076173.0,3095686.2
ՀՀ  արդարադատության նախարարություն,1228,"Հակակոռուպցիոն քաղաքականության մշակում,ծրագրերի համակարգում և մոնիտորինգի իրականացում",Հակակոռուպցիոն ինստիտուցիոնալ համակարգի վերափոխում և զարգացում` նաև ոլորտային կոռուպցիոն ռիսկերի վերհանման ու նվազեցման և էլեկտրոնային ժողովրդավարության գործիքների ներդրման միջոցով,"Կոռուպցիայի նվազեցում, հակակոռուպցիոն արդյունավետ ինստիտուցիոնալ համակարգի առկայություն",22956714.4,59602666.0,25834500.0,0.0,2700000.0,2000000.0
ՀՀ էկոնոմիկայի նախարարություն,1022,Գյուղատնտեսության խթանման ծրագիր,Գյուղատնտեսական մթերքի և դրանց վերամշակումից ստացվող սննդամթերքի ծավալների ավելացում,Գյուղատնտեսական մթերքների ծավալների ավելացում: Օգտագործվող վարելահողերի ավելացում: Պտուղբանջարեղենի և խաղողի վերամշակումից ստացված արտադրանքի ծավալների աճ,84531612.2,83267217.3,75613226.2,17187382.5,13015350.0,3918190.0
ՀՀ էկոնոմիկայի նախարարություն,1058,"Էկոնոմիկայի ոլորտում պետական քաղաքականության մշակում, ծրագրերի համակարգում և մոնիտորինգ",Էկոնոմիկայի  ոլորտում պետական արդյունավետ քաղաքականության մշակման և իրականացման ապահովում,Էկոնոմիկայի  ոլորտում իրականացվող ծրագրերի ազդեցության և արդյունավետության բարելավում,84531612.2,83267217.3,75613226.2,3826618.9,3346108.0,3365792.1
ՀՀ էկոնոմիկայի նախարարություն,1059,Բուսաբուծության խթանում և բույսերի պաշտպանություն,Հողագործությունից ստացվող արդյունքի բարելավում,Մշակաբույսերի միջին բերքատվության բարձրացում:ՀՀ գյուղատնտեսական նշանակության ողջ հողատարածքի համար կազմված ագրոքիմիական քարտեզներով ապահովվածություն: Հացահատիկի և հատիկաընդեղենի արտադրության ծավալների ավելացում:,84531612.2,83267217.3,75613226.2,116524.0,116524.0,116524.0
ՀՀ էկոնոմիկայի նախարարություն,1067,Ստանդարտների մշակում և հավատարմագրման համակարգի զարգացում,"Արտադրանքի, ծառայությունների և գործընթացների անվտանգության մակարդակի բարելավում, միջազգային ու տարածաշրջանային հավատարմագրման համակարգերին ինտեգրում",Առևտրում տեխնիկական խոչընդոտների վերացում և շուկայահանվող արտադրանքի ու մատուցվող ծառայությունների համապատասխանության գնահատման գործունեության արդյունքների նկատմամբ սպառողների վստահության բարձրացում,84531612.2,83267217.3,75613226.2,2617803.4,4139603.4,7780803.4
ՀՀ էկոնոմիկայի նախարարություն,1086,Գյուղական ենթակառուցվածքների վերականգնում և զարգացում,Գյուղատնտեսության ոլորտի արդյունավետության աճ,Գյուղատնտեսական արտադրանքի ծավալների ավելացում,84531612.2,83267217.3,75613226.2,1550902.3,1522889.9,778944.9
ՀՀ էկոնոմիկայի նախարարություն,1104,"Գիտելիքահենք, նորարարական տնտեսությանը և փոքր ու միջին ձեռնարկատիրությանը աջակցություն","Արտադրողականության բարձրացման նպատակով տնտեսության թվայնացման, նորարարական էլեկտրոնային կառավարման համակարգերի ներդրման, գիտելիքահենք գործարարությանը և փոքր ու միջին ձեռնարկատիրությանը աջակցություն","Արտադրողականության աճ, նորարարական և թվայնացված տնտեսություն, ՓՄՁ սուբյեկտների թվաքանակի ավելացու",84531612.2,83267217.3,75613226.2,15441819.5,13848626.1,5670311.8
ՀՀ էկոնոմիկայի նախարարություն,1116,Անասնաբուժական ծառայություններ,Անասնահամաճարակային կայուն ֆոնի ապահովում,Գյուղատնտեսական կենդանիների վարակամերժության ապահովում,84531612.2,83267217.3,75613226.2,1939882.9,1957102.9,1983502.9
ՀՀ էկոնոմիկայի նախարարություն,1165,Ներդրումների և արտահանման խթանման ծրագիր,Ներդրումների ներգրավման և արտահանման խթանում,Նախորդ տարվա համեմատ ներդրումների և արտահանման ծավալների աճ,84531612.2,83267217.3,75613226.2,5314300.0,5399750.0,5486310.0
ՀՀ էկոնոմիկայի նախարարություն,1187,Գյուղատնտեսության արդիականացման ծրագիր,"Գյուղատնտեսական տեխնիկական համակարգերի արդիականացում, ինտենսիվ այգիների ներդրման  և  տոհմաբուծության մեջ նոր ցեղատեսակների բուծման աջակցություն",Ոռոգման արդիական համակարգեր ներդրված հողատարածքների և տոհմային կենդանիների տեսակարար կշռի ավելացում,84531612.2,83267217.3,75613226.2,19973291.4,18514522.6,14348602.1
ՀՀ էկոնոմիկայի նախարարություն,1190,Զբոսաշրջության զարգացման ծրագիր,Հայաստանի և հայկական զբոսաշրջային արդյունքի մրցունակության և ճանաչելիության բարձրացում,Զբոսաշրջիկների թվաքանակի ավելացում,84531612.2,83267217.3,75613226.2,16563087.3,21406740.4,32164245.0
ՀՀ արտաքին գործերի  նախարարություն,1050,Միջազգային հարաբերությունների և դիվանագիտության ոլորտում մասնագետների պատրաստում և վերապատրաստում,Դիվանագիտական և պետական ծառայության արդյունավետության բարձրացում,"Դիվանագիտական ծառայության համալրում նոր և որակյալ մասնագետներով, պետական ծառայության, այդ թվում` դիվանագիտական ծառայողների վերապատրաստում, տեսական գիտելիքների և գործնական հմտությունների բարելավում և նրանց աշխատանքի արդյունավետության բարձրացում",16679156.2,16369355.1,16487881.7,224549.0,224549.0,224549.0
ՀՀ արտաքին գործերի  նախարարություն,1061,Արտաքին գործերի ոլորտում Կառավարության քաղաքականության մշակում և իրականացում,"Միջազգային իրավունքի հիման վրա բոլոր պետությունների հետ բարիդրացիական, փոխշահավետ հարաբերությունների հաստատում և զարգացում, միջազգային հարաբերություններում ՀՀ շահերի և իրավունքների ներկայացում","ՀՀ ինքնիշխանության պաշտպանություն, արտաքին անվտանգության բաղադրիչի ամրապնդում, ԼՂ հիմնախնդրի կարգավորում, ՀՀ միջազգ. հեղինակության բարձրացում, զարգացման համար արտաքին բարենպաստ պայմանների ապահովում, արտերկրում ՀՀ քաղաքացիների շահերի պաշտպանություն",16679156.2,16369355.1,16487881.7,2339553.3,2154070.0,2270792.0
ՀՀ արտաքին գործերի  նախարարություն,1118,Համագործակցություն միջազգային կազմակերպությունների հետ,Միջազգային կազմակերպությունների հետ և դրանց շրջանակներում բնականոն փոխհարաբերությունների ու արդյունավետ համագործակցության ապահովում և ընդլայնում,"Միջազգային կազմակերպություններում ՀՀ առավել ակտիվ ներգրավվածություն, լիարժեք անդամակցության ապահովում և ՀՀ շահերի պաշտպանություն: Հայաստանում միջազգ. կազմակերպությունների կողմից տարբեր ծրագրերի իրականացում, աջակցություն ընթացող բարեփոխումների գործընթացներ",16679156.2,16369355.1,16487881.7,1980080.7,1879667.0,1880284.1
ՀՀ արտաքին գործերի  նախարարություն,1128,Օտարերկրյա պետություններում ՀՀ դիվանագիտական ծառայության մարմինների գործունեության կազմակերպում և իրականացում,"Երկկողմ և բազմակողմ միջազգային հարաբերություններում ՀՀ ներկայացում, օտարերկրյա պետություններում ՀՀ քաղաքացիների և իրավաբանական անձանց շահերի պաշտպանություն","Միջազգային հարաբերություններում ՀՀ ներգրավվածության աստիճանի և երկրի միջազգային հեղինակության բարձրացում, արտերկրում ՀՀ քաղաքացիների և իրավաբանական անձանց շահերի պաշտպանություն և ապահովում, Սփյուռքի անհատների և կառույցների հետ հարաբերությունների զարգացում",16679156.2,16369355.1,16487881.7,11947948.5,11927146.1,11927146.1
ՀՀ արտաքին գործերի  նախարարություն,1178,Հայաստանի Հանրապետությունում և օտարերկրյա պետություններում արարողակարգային միջոցառումների իրականացում,Հայաստանի Հանրապետությունում և ՀՀ միջազգային հարաբերություններում պետական արարողակարգային կանոնների միասնական կիրառում,ՀՀ-ում  և օտարերկրյա պետություններում միջազգային արարողակարգային չափանիշներին համապատասխան միջոցառումների ընթացակարգերի և ծիսակարգերի կազմակերպում և իրականացում,16679156.2,16369355.1,16487881.7,187024.7,183923.0,185110.5
ՀՀ շրջակա միջավայրի նախարարություն,1016,Շրջակա միջավայրի վրա ազդեցության գնահատում և մոնիթորինգ,Նպաստել շրջակա միջավայրի և բնական ռեսուրսների (բացառությամբ օգտակար հանածոների) պահպանությանը,Շրջակա միջավայրի վերաբերյալ ամբողջական տեղեկատվության հրապարակում,8230870.0,13449051.9,16493322.3,1868561.0,1850561.0,1829681.0
ՀՀ շրջակա միջավայրի նախարարություն,1071,"Շրջակա միջավայրի ոլորտում պետական քաղաքականության մշակում, ծրագրերի համակարգում և մոնիտորինգ",Շրջակա միջավայրի պահպանությանն ուղղված պետական քաղաքականության մշակում և իրականացում,"Շրջակա միջավայրի պահպանությանն ուղղված օրենսդրական դաշտի բարելավում, իրականացվող ծրագրերի ազդեցության և արդյունավետության աճ",8230870.0,13449051.9,16493322.3,1313486.5,1307201.8,1318015.4
ՀՀ շրջակա միջավայրի նախարարություն,1133,Բնապահպանական ծրագրերի իրականացում համայնքներում,Տնտեսական գործունեության հետևանքով շրջակա միջավայրին և բնակչության առողջությանը պատճառված վնասների մեղմմանն ուղղված ծրագրերի իրականացման համակարգում,Ազդակիր համայնքներում բարելավված շրջակա միջավայր,8230870.0,13449051.9,16493322.3,695713.2,695713.2,695713.2
ՀՀ շրջակա միջավայրի նախարարություն,1155,Բնական պաշարների և բնության հատուկ պահպանվող տարածքների կառավարում և պահպանում,Բնական պաշարների և կենսաբազմազանության արդյունավետ կառավարում և պահպանություն,Բնական պաշարների և կենսաբազմազանության վերարտադրության աճի ապահովում,8230870.0,13449051.9,16493322.3,2030586.8,1436283.7,1436283.7
ՀՀ շրջակա միջավայրի նախարարություն,1173,Անտառների կառավարում,Անտառային տարածքների կայուն կառավարում,Կայուն կառավարվող անտառային տարածքների աճ,8230870.0,13449051.9,16493322.3,2280021.8,8116791.5,11171128.3
ՀՀ շրջակա միջավայրի նախարարություն,1186,Բնագիտական նմուշների պահպանություն և ցուցադրություն,"Նպաստել բնապահպանական աշխարհայացքի ձևավորմանը, բնակչության էկոլոգիական դաստիարակությանը",Մշտական և ժամանակավոր ցուցահանդեսների միջոցով հավաքածուները ներկայացնել հանրությանը և իրականացնել բնապահպանական քարոզչություն,8230870.0,13449051.9,16493322.3,42500.7,42500.7,42500.7
"ՀՀ  կրթության , գիտության, մշակույթի և սպորտի նախարարություն",1041,Մեծ նվաճումների սպորտ,Նպաստել Հայաստանում մեծ սպորտի շարունակական զարգացմանը և միջազգային հարթակներում ՀՀ դիրքի բարելավմանը,"ՀՀ առաջնությունների ընդլայնում, միջազգային սպորտային միջոցառումներին մասնակցության և նվաճումների ապահովում",333989563.7,383581969.6,442236063.7,3779745.6,3786942.0,3730714.0
"ՀՀ  կրթության , գիտության, մշակույթի և սպորտի նախարարություն",1045,Նախնական (արհեստագործական) և միջին մասնագիտական կրթություն,"Աշխատաշուկայի արդի պահանջներին համապատասխան նախնական մասնագիտական (արհեստագործական) և միջին մասնագիտական կրթության որակավորում ունեցող մասնագետների պատրաստում, կրթության մատչելիության ապահովում:","Նախնական (արհեստագործական) և միջին մասնագիտական կրթության գրավչության բարձրացում, մատչելի և մրցունակ նախնական (արհեստագործական)  և միջին մասնագիտական կրթության ապահովում",333989563.7,383581969.6,442236063.7,14760096.2,16108920.6,18342874.2
"ՀՀ  կրթության , գիտության, մշակույթի և սպորտի նախարարություն",1056,Կինեմատոգրաֆիայի ծրագիր,"Կինոարվեստի և կինոարտադրության զարգացմանն աջակցություն, հայկական ավանդույթների շարունակականության ապահովում և կինոարվեստի հանրահռչակում","Կինոարտադրության ընդլայնում և տարածում, հասարակության կինոհաղորդակցության բարելավում",333989563.7,383581969.6,442236063.7,849723.3,849723.3,1649517.9
"ՀՀ  կրթության , գիտության, մշակույթի և սպորտի նախարարություն",1075,Մշակութային ժառանգության ծրագիր,"Մշակութային ժառանգության պահպանում, օգտագործում, համալրում և հանրահռչակում","Մշակութային ժառանգության շարունակական պահպանում, մշակութային զբոսաշրջության զարգացում և խթանում",333989563.7,383581969.6,442236063.7,3941508.9,5704432.5,4808960.4
"ՀՀ  կրթության , գիտության, մշակույթի և սպորտի նախարարություն",1111,Բարձրագույն և հետբուհական մասնագիտական կրթության ծրագիր,"Ապահովել մատչելի, որակյալ և մրցունակ բարձրագույն և հետբուհական մասնագիտական կրթություն:",Գիտելիքների տնտեսության և գիտության զարգացման արդի պահանջներին համապատասխան բարձրագույն և հետբուհական մասնագիտական որակավորում ունեցող մասնագետների պատրաստում,333989563.7,383581969.6,442236063.7,13981547.2,14476333.2,14859918.0
"ՀՀ  կրթության , գիտության, մշակույթի և սպորտի նախարարություն",1115,Երիտասարդության ծրագիր,"Նպաստել սոցիալ-տնտեսական, քաղաքական և մշակութային կյանքին երիտասարդների լիարժեք ներգրավմանը և նրանց ստեղծագործական ներուժի ամբողջական դրսևորմանը",Հասարակական կյանքում երիտասարդների արդյունավետ ներգրավվածության և դրսևորման ընդլայնում,333989563.7,383581969.6,442236063.7,2230353.7,2230353.7,2230353.7
"ՀՀ  կրթության , գիտության, մշակույթի և սպորտի նախարարություն",1124,Գրահրատարակչության և գրադարանների ծրագիր,"Նպաստել գրականության զարգացմանը, տարածմանը և հանրահռչակմանը","Գրքի և գրական արտադրանքի բազմազանության և հասանելիության ապահովում, ստեղծագործական գործընթացների խթանում",333989563.7,383581969.6,442236063.7,1744359.7,1744359.7,1744359.7
"ՀՀ  կրթության , գիտության, մշակույթի և սպորտի նախարարություն",1130,"Կրթության, գիտության, մշակույթի և սպորտի  բնագավառի   պետական քաղաքականության մշակում, ծրագրերի համակարգում և մոնիտորինգ","Ապահովել համընդհանուր, հավասարապես հասանելի, ներառական և որակյալ կրթություն՛  բավարարելով տնտեսության ու հասարակության պահանջները, լիարժեք ծառայելով  ազգային շահերին","Կրթության, գիտության, մշակույթի և սպորտի  բնագավառում իրականացվող ծրագրերի ազդեցության և արդյունավետության  բարելավում",333989563.7,383581969.6,442236063.7,2059020.4,2077691.4,2096549.0
"ՀՀ  կրթության , գիտության, մշակույթի և սպորտի նախարարություն",1146,Հանրակրթության ծրագիր,Ապահովել անվճար և որակյալ հանրակրթություն,"Մտավոր, հոգևոր, ֆիզիկական և սոցիալական ունակությունների համակողմանի ու ներդաշնակ զարգացմամբ, հայրենասիրության, պետականության և մարդասիրության ոգով դաստիրակված, պատշաճ վարքով և վարվելակերպով անձի  ձևավորում",333989563.7,383581969.6,442236063.7,157828937.9,178082344.0,185229841.7
"ՀՀ  կրթության , գիտության, մշակույթի և սպորտի նախարարություն",1148,Արտադպրոցական դաստիարակության ծրագիր,"Նպաստել հանրակրթական ուսուցման համակարգում  ընդգրկված երեխաների ֆիզիկական, հոգևոր և գեղագիտական զարգացմանը, բնապահպանական և կիրառական գիտելիքների ձեռքբերմանը","Ստեղծել պայմաններ սովորողների ազատ ժամանացի  կազմակերպան միջոցով նրանց հետաքրքրությունների բացահայտման, ձևավորման  և զարգացման համար",333989563.7,383581969.6,442236063.7,6054302.6,7303495.6,7608685.2
"ՀՀ  կրթության , գիտության, մշակույթի և սպորտի նախարարություն",1162,Գիտական և գիտատեխնիկական հետազոտությունների ծրագիր,"Գիտական և գիտատեխնիկական գործունեության հիմնարար, կիրառական և թեմատիկ հետազոտությունների իրականացում, ենթակառուցվածքի և ազգային արժեք ներկայացնող գիտական  օբյեկտների պահպանում և զարգացում, գիտական ներուժի վերարտադրության ապահովում£","Գիտության և տեխնիկայի զարգացման գերակա ուղղությունների հետազոտությունների իրականացում, գիտական ներուժի զարգացում, ազգային արժեք ներկայացնող գիտական օբյեկտների պահպանում",333989563.7,383581969.6,442236063.7,31183625.5,32470044.7,31532229.9
"ՀՀ  կրթության , գիտության, մշակույթի և սպորտի նախարարություն",1163,Մասսայական սպորտ,"Բնակչության շրջանում առողջ ապրելակերպի արմատավորում, անհատի բազմակողմանի ու ներդաշնակ զարգացման գործում ֆիզիկական կուլտուրայի և սպորտի դերի բարձրացում",Սպորտի նկատմամբ հետաքրքրվածության և մասնակցության ընդլայնում,333989563.7,383581969.6,442236063.7,3504403.7,3932891.3,3153517.2
"ՀՀ  կրթության , գիտության, մշակույթի և սպորտի նախարարություն",1168,Արվեստների ծրագիր,"Նպաստել ազգային հենքի վրա ժամանակակից թատերարվեստի, երաժշտարվեստի, կերպարվեստի և պարարվեստի զարգացմանը և հանրահռչակմանը","Մրցունակ արվեստային արտադրանքի ստեղծում, ստեղծագործական գործընթացների խթանում, արվեստի նոր նախագծերի ներդրում և մշակութային կյանքում հասարակության ներգրավում",333989563.7,383581969.6,442236063.7,10768484.7,9730595.8,9589905.0
"ՀՀ  կրթության , գիտության, մշակույթի և սպորտի նախարարություն",1183,Ապահով դպրոց,"Դպրոցներին սպառնացող աղետների ռիսկի կառավարման կարողությունների հզորացում, դպրոցի անձնակազմի և աշակերտների անվտանգության ապահովման մակարդակի բարձրացում՛ կիրառելով ներառական և երեխայակենտրոն մոտեցում",Դպրոցական միջավայրի բարելավում,333989563.7,383581969.6,442236063.7,62463514.0,86081504.0,133792694.0
"ՀՀ  կրթության , գիտության, մշակույթի և սպորտի նախարարություն",1192,Կրթության որակի ապահովում,"Ընթացիկ աշխատանքների, բարեփոխումների և նոր նախաձեռնությունների միջոցով ֆորմալ և ոչ-ֆորմալ կրթության ոլորտում իրականացվող միջոցառումների, մատուցվող ծառայությունների բովանդակության և կազմակերպման որակի շարունակական բարելավում","Նախադպրոցականից մինչև հետբուհական կրթության որակի, այն է սովորողների, միջավայրի, ծրագրերի և ուսումնական նյութերի բովանդակության, գործընթացների, ինչպես նաև վերջնարդյունքների որակի բարելավում ըստ ներպետական և միջազգային ցուցիչների",333989563.7,383581969.6,442236063.7,13199131.8,13390429.3,16220735.3
"ՀՀ  կրթության , գիտության, մշակույթի և սպորտի նախարարություն",1193,Համընդհանուր ներառական կրթության համակարգի ներդրում,"Յուրաքանչյուր երեխայի համար կրթության մատչելիության, հավասար մասնակցության հնարավորության և որակի ապահովում՛ զարգացման առանձնահատկություններին համապատասխան և անհրաժեշտ պայմանների ստեղծման միջոցով",Խոցելի խմբերի երեխաների ընդգրկվածության ապահովում հանրակրթական հաստատություններում,333989563.7,383581969.6,442236063.7,4278516.4,4278516.4,4278516.4
"ՀՀ  կրթության , գիտության, մշակույթի և սպորտի նախարարություն",1196,Մարզերի մշակութային զարգացման ծրագիր,Մարզերում մշակութային կյանքի և մշակութաստեղծ գործունեության ակտիվացում,Համայնքներում մշակույթի հասանելիության և մշակութային կյանքին մարզային բնակչության ընդգրկվածության ընդլայնում,333989563.7,383581969.6,442236063.7,87228.2,87228.2,87228.2
"ՀՀ  կրթության , գիտության, մշակույթի և սպորտի նախարարություն",1198,Մշակութային և գեղագիտական դաստիարակության ծրագիր,Երեխաների հոգևոր և գեղագիտական ընդունակությունների բացահայտում և զարգացում,Ստեղծագործական ունակությունների ձևավորում և զարգացում,333989563.7,383581969.6,442236063.7,342853.8,342853.8,342853.8
"ՀՀ  կրթության , գիտության, մշակույթի և սպորտի նախարարություն",1215,"Կրթության, մշակույթի և սպորտի ոլորտներում միջազգային և սփյուռքի հետ համագործակցության զարգացում","Կրթության, մշակույթի և սպորտի ոլորտներում միջազգային համագործակցության ընդլայնում, սփյուռքում և օտարերկրյա պետություններում հայկական կրթական կարողությունների հզորացում","Սփյուռքի ուսուցիչների կարողությունների բարելավում, հայագիտական առարկաների դասավանդման հիմքերի ամրապնդում, համահայկական միջոցառումների կազմակերպում, միջազգային համաձայնագրերով և հուշագրերով անդամակցությունների գործընթացի ապահովում",333989563.7,383581969.6,442236063.7,340208.5,311308.5,344608.5
"ՀՀ  կրթության , գիտության, մշակույթի և սպորտի նախարարություն",1227,Կրթության ոլորտում տեղեկատվական և հաղորդակցական տեխնոլոգիաների ներդրում,"Կրթության կազմակերպման և կառավարման գործընթացներում թվային գործիքների ներդրում, տեղեկատվական և հաղորդակցական տեխնոլոգիաների կիրառելության ընդլայնում","Կրթության կազմակերպման և կառավարման համակարգերի թվայնացման ու ճկուն գործիքների ներդրմամբ՛ կրթական ծառայությունների մատուցման այլընտրանքային ձևերի ապահովում, ՏՀՏ հմտությունների զարգացում",333989563.7,383581969.6,442236063.7,592001.6,592001.6,592001.6
ՀՀ  պաշտպանության  նախարարություն,1125,Ռազմական ուսուցում և վերապատրաստում,ՀՀ ԶՈւ պատրաստության մակարդակի բարձրացում,"ՀՀ ԶՈւ-ում զինծառայողների, ստորաբաժանումների և կառավարման մարմինների պատրաստության մակարդակի բարձրացում",533679603.8,517496135.5,529468268.1,1174156.9,1251774.8,1249358.6
ՀՀ  պաշտպանության  նախարարություն,1169,ՀՀ պաշտպանության ապահովում,"ՀՀ ԶՈւ ռազմավարական ծավալումն ապահովող մարտական պատրաստականության պահպանում, արտաքին թշնամուց ՀՀ պետական սահմանների պաշտպանության ապահովում",ՀՀ ԶՈւ ռազմավարական ծավալումն ապահովող մարտական պատրաստականության պահպանում,533679603.8,517496135.5,529468268.1,528696283.7,512426412.5,523758142.8
ՀՀ  պաշտպանության  նախարարություն,1177,Հումանիտար ականազերծման և փորձագիտական ծառայություններ,"Նվազեցնել ականների և պատերազմի պայթուցիկ մնացորդների տարածման սոցիալական, տնտեսական և բնապահպանական վտանգավոր ազդեցությունը մարդու և հասարակության կենսագոյության վրա",Ականների և ՊՊՄ-ների ռիսկերի կրճատում մինչև նվազագույն մակարդակ: Կասկածելի ականապատված տարածքների և դրա հետ փոխկապակցված զոհերի նվազեցում,533679603.8,517496135.5,529468268.1,483792.5,483792.5,483792.5
ՀՀ  պաշտպանության  նախարարություն,1197,Միջազգային ռազմական համագործակցություն,"Միջազգային կայուն և բազմակողմ ռազմաքաղաքական հարաբերությունների ամրապնդում, փորձի փոխանակում և ռազմական բարեփոխումներին աջակցության ընդլայնում",Միազգային ռազմական համագործակցության ընդլայնում և արդյունավետության աճ,533679603.8,517496135.5,529468268.1,815971.0,822753.0,820871.5
ՀՀ  պաշտպանության  նախարարություն,1204,Ռազմաբժշկական սպասարկում և առողջապահական ծառայություններ,"Զինծառայողների, ինչպես նաև նրանց ընտանիքների անդամների առողջության պահպանում, որակյալ բժշկական ծառայություններով ապահովում",Ծառայողական պարտականությունների արդյունավետ կատարմանը խոչընդոտող հիվանդությունների կանխարգելում և առողջական խնդիրների լուծում,533679603.8,517496135.5,529468268.1,2509399.7,2511402.7,3156102.7
ՀՀ  աշխատանքի և սոցիալական հարցերի նախարարություն,1005,Պարգևավճարներ և պատվովճարներ,"Պետական հոգածության դրսևորում, առանձին կատեգորիայի քաղաքացիներին և նրանց ընտանիքներին սոցիալական երաշխիքների տրամադրում",Առանձին կատեգորիայի քաղաքացիներին և նրանց ընտանիքի անդամների սոցիալական պաշտպանվածության մակարդակի բարձրացում,730060132.9,811037081.5,941367854.5,10834700.0,10810700.0,10786700.0
ՀՀ  աշխատանքի և սոցիալական հարցերի նախարարություն,1011,Անապահով սոցիալական խմբերին աջակցություն,Օժանդակել անապահով ընտանիքների կենսամակարդակի բարձրացմանը,Աղքատության մեղմում և ծայրահեղ աղքատության կրճատում,730060132.9,811037081.5,941367854.5,30424683.6,41500032.2,39696444.6
ՀՀ  աշխատանքի և սոցիալական հարցերի նախարարություն,1015,Սոցիալական փաթեթների ապահովում,Պետական հիմնարկների և կազմակերպությունների աշխատողների սոցիալական երաշխիքների ապահովում և աշխատանքային մոտիվացիայի բարձրացում,Պետական մարմինների աշխատակիցների կյանքի որակի բարելավում,730060132.9,811037081.5,941367854.5,10619496.0,10619496.0,10619496.0
ՀՀ  աշխատանքի և սոցիալական հարցերի նախարարություն,1032,Խնամքի ծառայություններ 18 տարեկանից բարձր տարիքի անձանց,Խնամքի կարիք ունեցող 18 տարեկանից բարձր տարիքի անձանց բնականոն կենսագործունեության ապահովում,Խնամքի ծառայություններ ստացած առավել կարիքավոր անձանց ընդգրկվածության աճ,730060132.9,811037081.5,941367854.5,4147167.6,5477867.6,4811867.6
ՀՀ  աշխատանքի և սոցիալական հարցերի նախարարություն,1068,Ժողովրդագրական վիճակի բարելավում,Խթանել ժողովրդագրական վիճակի բարելավումը,Ժողովրդագրական վիճակի բարելավում և բազմազավակության աճ,730060132.9,811037081.5,941367854.5,65872710.0,78204340.0,89226633.0
ՀՀ  աշխատանքի և սոցիալական հարցերի նախարարություն,1082,Սոցիալական աջակցություն անաշխատունակության դեպքում,Կորցրած եկամուտների մասնակի փոխհատուցում,Անաշխատունակության հետևանքով եկամտի կորստի մասնակի փոխհատուցման ապահովում,730060132.9,811037081.5,941367854.5,20946326.2,21613613.1,22500882.7
ՀՀ  աշխատանքի և սոցիալական հարցերի նախարարություն,1088,Զբաղվածության ծրագիր,Բնակչության կայուն և ժամանակավոր զբաղվածության ապահովմանը միտված պայմանների ստեղծում,Կայուն և ժամանակավոր զբաղվածների թվաքանակի աճ,730060132.9,811037081.5,941367854.5,580401.5,580401.5,580401.5
ՀՀ  աշխատանքի և սոցիալական հարցերի նախարարություն,1098,Բնակարանային ապահովում,Հանրապետությունում մշտական բնակության վայր չունեցող անօթևան անձանց բնակարանային ապահովմանն աջակցություն,Հանրապետությունում մշտական բնակության վայր չունեցող անօթևան անձանց բնակարանային ապահովվածության բարելավում,730060132.9,811037081.5,941367854.5,3899956.1,3905956.1,3905956.1
ՀՀ  աշխատանքի և սոցիալական հարցերի նախարարություն,1102,Կենսաթոշակային ապահովություն,Կենսաթոշակի իրավունքի իրացում,Կենսաթոշակների նշանակման և վճարման գործընթացի ապահովում,730060132.9,811037081.5,941367854.5,471441832.0,524713252.4,641866725.0
ՀՀ  աշխատանքի և սոցիալական հարցերի նախարարություն,1117,"Սոցիալական պաշտպանության բնագավառում պետական քաղաքականության մշակում, ծրագրերի համակարգում և մոնիթորինգ","Աղքատության մեղմման և անհավասարության նվազեցման, աշխատաշուկայի պահանջարկի և գործազրկության անհմպ. կրճատման, զբաղվածության աճի, ժողովրդագրական իրավիճակի բարելավման և քաղաքացիների սոց.իրավունքի  իրացմանն ուղղված քաղաքականության մշակմ. և իրականացմ. ապահովում",Սոցիալական պաշտպանության ոլորտում իրականացվող ծրագրերի ազդեցության և արդյունավետության բարելավում,730060132.9,811037081.5,941367854.5,8600705.2,8655557.5,8700282.9
ՀՀ  աշխատանքի և սոցիալական հարցերի նախարարություն,1141,"Ընտանիքներին, կանանց և երեխաներին աջակցություն","Կյանքի դժվարին իրավիճակում հայտնված ընտանիքների, կանանց և երեխաների հիմնական պահանջմունքների և սոցիալական կարիքների բավարարում և ինտեգրում հասարակություն","Ընտանիքներին, կանանց և երեխաներին մատուցվող սոցիալական ծառայությունների և դրանց հասցեականության բարելավում, կյանքի դժվարին իրավիճակում հայտնված ընտանիքների, կանանց և երեխաների ինտեգրում հասարկություն",730060132.9,811037081.5,941367854.5,4740752.1,4740752.1,4740752.1
ՀՀ  աշխատանքի և սոցիալական հարցերի նախարարություն,1153,Սոցիալական պաշտպանության ոլորտի զարգացման ծրագիր,"Սոցիալական պաշտպանության ոլորտի քաղաքականության, ծրագրերի, գիտահետազոտական և մասնագիտական կապիտալի զարգացման ապահովում","Սոցիալական պաշտպանության ոլորտի հիմնախնդիրների լուծումների առաջադրում, բարեփոխեւմներին ուղղված սոցիալական ինովացիաների մշակում, ինչպես նաև ոլորտի մասնագետների շարունակական կրթության ապահովում, գիտելիքների և կարողությունների զարգացում",730060132.9,811037081.5,941367854.5,128341.6,128341.6,128341.6
ՀՀ  աշխատանքի և սոցիալական հարցերի նախարարություն,1160,Հաշմանդամություն ունեցող անձանց աջակցություն,Հաշմանդամություն ունեցող անձանց հիմնական պահանջմունքների և սոցիալական կարիքների բավարարում և սոցիալական ներառում հասարակություն,Հաշմանդամություն ունեցող անձանց մատուցվող սոցիալական ծառայությունների հասցեականության և արդյունավետության բարձրացում,730060132.9,811037081.5,941367854.5,2075394.5,2226404.9,2226404.9
ՀՀ  աշխատանքի և սոցիալական հարցերի նախարարություն,1184,Ավանդների և այլ փոխհատուցումներ,«ՎՏԲ-Հայաստան» ՓԲԸ-ում ավանդատու հանդիսացող և նախկին ԽՍՀՄ Խնայբանկի ՀԽՍՀ հանրապետական բանկում մինչև 1993 թվականի հունիսի 10-ը ներդրված դրամական ավանդների փոխհատուցում և անավարտ շինարարության բնակարանաշինարարական կոոպերատիվների փայատերերի կողմից Խորհրդային,Փոխհատուցված ավանդատու անձանց ընդգրկվածության աճ և փայատերերի թիվը,730060132.9,811037081.5,941367854.5,1515000.0,1515000.0,1515000.0
ՀՀ  աշխատանքի և սոցիալական հարցերի նախարարություն,1205,Սոցիալական ապահովություն,Սոցիալական ապահովության իրավունքի իրականացման ապահովում,Սոցիալական ապահովության իրավունքի իրականացում,730060132.9,811037081.5,941367854.5,94232666.5,96345366.5,100061966.5
ՀՀ բարձր տեխնոլոգիական արդյունաբերության նախարարություն,1043,"Բարձր տեխնոլոգիական արդյունաբերության էկոհամակարգի, թվայնացման և շուկայի զարգացման ծրագիր",Բարձր տեխնոլոգիաների ենթակառուցվածքների բարելավում,Բարձր տեխնոլոգիաների ոլորտի աճ,20356473.3,23932897.5,18781557.6,9969883.5,15282730.0,10119979.0
ՀՀ բարձր տեխնոլոգիական արդյունաբերության նախարարություն,1100,"Բարձր տեխնոլոգիական արդյունաբերության բնագավառում պետական քաղաքականության մշակում, ծրագրերի համակարգում և մոնիտորինգ","Բարձր տեխնոլոգիական ոլորտում պետական քաղաքականության մշակում, ծրագրերի համակարգում",Բարձր տեխնոլոգիական արդյունաբերության բնագավառում  իրականացվող ծրագրերի ազդեցության և արդյունավետության բարելավում,20356473.3,23932897.5,18781557.6,1267588.7,1278886.8,1290297.9
ՀՀ բարձր տեխնոլոգիական արդյունաբերության նախարարություն,1119,Պաշտպանության բնագավառում գիտական և գիտատեխնիկական նպատակային հետազոտություններ,Նպաստել ՀՀ պաշտպանության և անվտանգության համակարգերի զարգացմանը,Գիտահետազոտական և փորձակոնստրուկտորական աշխատանքների արդյունավետության բարձրացում և ՍՌՏ նոր նմուշների ստեղծում,20356473.3,23932897.5,18781557.6,6844153.7,6844153.7,6844153.7
ՀՀ բարձր տեխնոլոգիական արդյունաբերության նախարարություն,1164,Հեռահաղորդակցության ապահովում,"Անխափան ռադիոկապի, հեռախոսային կապի և հեռուստառադիոհեռարձակման ապահովում","Ռադիոկապի, հեռախոսային կապի և հեռուստառադիոհեռարձակման որակի բարելավում",20356473.3,23932897.5,18781557.6,2274847.4,527127.0,527127.0
ՀՀ ֆինանսների նախարարություն,1006,Պետական պարտքի կառավարում,Կառավարության ֆինանսական կարիքների բավարարման մշտական հնարավորության ապահովումը` երկարաժամկետ հատվածում նվազեցնելով պարտքի սպասարկման մեծությունը,Կառավարության պարտքի օպտիմալ կառուցվածքի ձևավորում՛ հաշվի առնելով պոտենցիալ ռիսկերը,335049263.3,373413690.7,411028302.1,326968054.9,369625500.7,407212456.0
ՀՀ ֆինանսների նախարարություն,1031,Հանրային հատվածի ֆինանսական ոլորտի մասնագետների վերապատրաստում,"Հանրային հատվածի ֆինանսական ոլորտի մասնագետների աշխատանքի  արդյունավետության բարելավում, հանրային ֆինանսների կառավարման նոր գիտելիքների և փորձի յուրացում",Հանրային հատվածի ֆինանսական ոլորտի մասնագետների գիտելիքների և կարողությունների բարելավում,335049263.3,373413690.7,411028302.1,23600.0,16300.0,16300.0
ՀՀ ֆինանսների նախարարություն,1108,"Հանրային ֆինանսների կառավարման բնագավառում պետական քաղաքականության մշակում, ծրագրերի համակարգում և մոնիտորինգ","Հարկաբյուջետային քաղաքականության մշակում և իրականացման ապահովում, հանրային ֆինանսների արդյունավետ կառավարում","Հանրային ֆինանսների ձևավորման, բաշխման և օգտագործման արդյունավետության աճ, ֆինանսական կարգապահության բարելավում",335049263.3,373413690.7,411028302.1,7938308.4,3652590.0,3680246.1
ՀՀ ֆինանսների նախարարություն,1137,Գնումների գործընթացի կարգավորում և համակարգում,Հանրային միջոցների ծախսման արդյունավետության բարձրացում և կոռուպցիոն ռիսկերի նվազեցում,"Պետական գնումների գործընթացի թափանցիկության, հրապարակայնությն և մրցակցության աստիճանի բարձրացում",335049263.3,373413690.7,411028302.1,119300.0,119300.0,119300.0
ՀՀ արտակարգ իրավիճակների նախարարություն,1028,Տեխնիկական անվտանգության կանոնակարգում,Արտադրական վտանգավոր օբյեկտների շահագործմամբ պայմանավորված տեխնածին վթարների և դրանց հետևանքով հասարակությանը և տնտեսությանը պատճառվող վնասների ռիսկերի նվազեցում,"Տեխնածին վթարների կանխարգելում,  տեխնածին վթարներից մահացու կամ ծանր ելքերով դեպքերի կրճատում",15820153.4,15820153.4,15820153.4,43380.5,43380.5,43380.5
ՀՀ արտակարգ իրավիճակների նախարարություն,1085,Արտակարգ իրավիճակների արձագանքման կարողությունների զարգացում,Արտակարգ իրավիճակների և ճգնաժամային կառավարման   կարողությունների զարգացում,"Արտակարգ իրավիճակներին արձագանքնելու հմտությունների և կարողությունների ձևավորում և ընդլայնում, բնակչության տեղեկացվածության մակարդակի բարելավում",15820153.4,15820153.4,15820153.4,121024.7,121024.7,121024.7
ՀՀ արտակարգ իրավիճակների նախարարություն,1089,Սեյսմիկ պաշտպանություն,Սեյսմիկ ռիսկերի գնահատում և նվազեցում,Սեյսմիկ վտանգի և ռիսկերի պատշաճ գնահատում և սեյսմիկ խոցելիության և սեյսմիկ ռիսկերի նվազեցում,15820153.4,15820153.4,15820153.4,752861.8,752861.8,752861.8
ՀՀ արտակարգ իրավիճակների նախարարություն,1090,Փրկարարական ծառայություններ,Արտակարգ իրավիճակների արդյունավետ արձագանք,"Արտակարգ իրավիճակների հնարավոր դեպքերի կանխում, դրանց ժամանակին արձագանքում, հետևանքների նվազեցում և բնակչության պաշտպանություն",15820153.4,15820153.4,15820153.4,13340331.9,13340331.9,13340331.9
ՀՀ արտակարգ իրավիճակների նախարարություն,1107,Ռազմավարական նշանակության պաշարների կառավարում,Արտակարգ իրավիճակներում ռազմավարական նշանակության պաշարներով ապահովում,"Ռազմավարական նշանակության  պահուստների կուտակում, պահպանում և պետական պահուստների համակարգի կառավարում",15820153.4,15820153.4,15820153.4,29949.3,29949.3,29949.3
ՀՀ արտակարգ իրավիճակների նախարարություն,1112,"Արտակարգ իրավիճակների բնագավառի պետական քաղաքականության մշակում, ծրագրերի համակարգում և մոնիտորինգ",Արտակարգ իրավիճակների բնագավառում պետական արդյունավետ քաղաքականության մշակման և իրականացման ապահովում,Արտակարգ իրավիճակների  քաղաքականության իրագործմանն ուղղված ծրագրերի ազդեցության և արդյունավետության բարելավում,15820153.4,15820153.4,15820153.4,1532605.2,1532605.2,1532605.2
ՀՀ վիճակագրական կոմիտե,1143,Ազգային պաշտոնական վիճակագրության արտադրություն և տարածում,"Տնտեսական և հասարակական գործընթացների վերաբերյալ պաշտոնական վիճակագրության մշակում, արտադրում ու տարածում","Նախատեսված ժամկետներով և պարբերականությամբ ամբողջական, համադրելի, արդիական և օգտատերերին հավասար մատչելիությամբ հասանելի պաշտոնական վիճակագրության ապահովում",4299473.7,2195785.0,2208405.3,4299473.7,2195785.0,2208405.3
ՀՀ հանրային ծառայությունները կարգավորող հանձնաժողով,1064,Հանրային ծառայությունների ոլորտի կարգավորում,Հանրային ծառայությունների ոլորտում կարգավորման իրականացում,"Սպառողների և հանրային ծառայությունների ոլորտում կարգավորվող գործունեություն իրականացնող անձանց շահերի հավասարակշռում, կարգավորվող անձանց համար գործունեության միատեսակ պայմանների ստեղծում",1117339.9,1127737.3,1138238.6,1117339.9,1127737.3,1138238.6
ՀՀ կենտրոնական ընտրական հանձնաժողով,1096,"Ընտրական գործընթացների համակարգում,կանոնակարգում և տեղեկատվության տրամադրում",Օրինական և թափանցիկ ընտրական գործընթացների կազմակերպում և ապահովում,Ընտրական գործընթացների նկատմամբ հանրային վստահության մակարդակի բարձրացում,954160.3,487229.1,5986974.3,954160.3,487229.1,5986974.3
Մրցակցության պաշտպանության  հանձնաժողով,1034,Տնտեսական մրցակցության պաշտպանություն,"Պաշտպանել և խրախուսել տնտեսական գործունեության ազատությունը, ապահովել բարեխիղճ մրցակցության համար անհրաժեշտ միջավայր, նպաստել ձեռնարկատիրության զարգացմանը և սպառողների շահերի պաշտպանությանը Հայաստանի Հանրապետությունում",Ազատ տնտեսական մրցակցության ապահովում,597012.1,602063.7,607165.7,597012.1,602063.7,607165.7
ՀՀ կադաստրի կոմիտե,1012,Անշարժ գույքի կադաստրի վարման բնագավառում պետական քաղաքականության իրականացում,"Անշարժ գույքի պետական միասնական կադաստրի համակարգի զարգացում և պետության կողմից անշարժ գույքի նկատմամբ իրավունքների ճանաչում, երաշխավորում և պաշտպանություն",Անշարժ գույքի կադաստրի արդյունավետ համակարգի ապահովում և սեփականության իրավունքի պաշտպանություն,4497483.5,4764736.6,4429538.0,4497483.5,4764736.6,4429538.0
Հեռուստատեսության և ռադիոյի հանձնաժողով,1007,Տեսալսողական  մեդիայի ոլորտի կարգավորում,"Հեռարձակվող լրատվության միջոցների ազատության, անկախության և բազմազանության ապահովում, տեսալողական ոլորտի վերահսկում և կարգավորում","Հեռարձակվող լրատվության միջոցների ազատության, անկախության և  բազմազանության բարձր մակարդակ, մրցակցային հավասար պայմաններ,  տեսալսողական ոլորտում օրինախախտումների նվազեցում, հեղինակային իրավունքների պահպանություն, ոլորտի համաչափ զարգացում:",368111.4,367410.0,370536.2,368111.4,367410.0,370536.2
ՀՀ պետական եկամուտների կոմիտե,1023,Հարկային և մաքսային ծառայություններ,"Հարկային և մաքսային միասնական պետական քաղաքականության իրականացում, հարկային և մաքսային օրենսդրության ամբողջական և համահավասար կիրառում","Արդյունավետ հարկային և մաքսային հսկողության իրականացում, պետական բյուջեի եկամուտների ապահովում",36307631.7,44419406.2,44296617.8,36307631.7,44419406.2,44296617.8
ՀՀ ազգային անվտանգության ծառայություն,1036,Պետական պահպանության ապահովում,Հատուկ պետական պաշտպանության ենթակա օբյեկտների անվտանգության ապահովում,Պետական պահպանության ենթակա օբեկտների անվտանգության խախտման դեպքերի կրճատում,57843612.5,62562133.5,68474138.2,5404790.3,6109852.6,7018895.7
ՀՀ ազգային անվտանգության ծառայություն,1138,Ազգային անվտանգություն,"Ներքին և արտաքին սպառնալիքներից անձի, հասարակության ու պետության անվտանգության ապահովում","Այլ պետությունների կողմից հետախուզական գործունեության կասեցում,պետական սահմանի անձեռնամխելիության ապահովում, կոռուպցիոն ռիսկերի շեշտակի նվազեցում",57843612.5,62562133.5,68474138.2,52438822.2,56452280.9,61455242.5
ՀՀ ոստիկանություն,1101,Ոստիկանության կրթական ծառայություններ,Ոստիկանության ծառայողների մասնագիտական գիտելիքների և գործնական  հմտությունների ձևավորում,Ոստիկանության ծառայողների մասնագիտական կարողությունների ապահովում,73355868.2,77752468.2,82744768.2,1571659.7,1571659.7,1571659.7
ՀՀ ոստիկանություն,1158,"Ոստիկանության ոլորտի քաղաքականության մշակում, կառավարում, կենտրոնացված միջոցառումներ, մոնիտորինգ և վերահսկողություն","Ոստիկանության համակարգի կազմակերպաիրավական կատարելագործում, ոստիկանության գործունեության նկատմամբ հասարակական կարծիքի բարելավում և վստահության բարձրացում","Արդի մարտահրավերներին դիմակայող, պետական և հասարակական պահանջարկը բավարարող, թափանցիկ, բարևարք, հաշվետվողական գործունեության ապահովում",73355868.2,77752468.2,82744768.2,71784208.5,76180808.5,81173108.5
Հանրային հեռարձակողի խորհուրդ,1042,Ռադիո և հեռուստահաղորդումների հեռարձակում,"Ապահովել բազմազան տեղեկատվական, ճանաչողական, կրթական, ժամանցային հեռուստատեսային և ռադիո հաղորդումների արտադրություն և հեռարձակում","Բազմազան տեղեկատվական, ճանաչողական, կրթական, ժամանցային հեռուստատեսային և ռադիո հաղորդումների արտադրության և հեռարձակման ապահովում",7985566.9,7745002.4,7745002.4,7985566.9,7745002.4,7745002.4
ՀՀ հաշվեքննիչ պալատ,1161,Հանրային ֆինանսների և սեփականության ոլորտում հաշվեքննություն,"Հանրային ֆինանսների և սեփականության ոլորտում հաշվեքննության օբյեկտների կողմից իրականացվող ֆինանսատնտեսական գործունեության օրինականության ու տնտեսման, նպատակային և ծախսային  արդյունավետության սկզբունքների պահպանման գնահատում","Հաշվեքննության օբյեկտների կողմից իրականացվող ֆինանսատնտեսական գործունեության օրինականության և արդյունավետության վերաբերյալ Ազգային ժողովին և հանրությանը ժամանակին, մասնագիտական և անկողմնակալ տեղեկատվության ներկայացում",1077891.1,1081839.0,1089569.3,1077891.1,1081839.0,1089569.3
Մարդու իրավունքների պաշտպանի աշխատակազմ,1060,Մարդու իրավունքների պաշտպանություն,Մարդու իրավունքների և հիմնարար ազատությունների պաշտպանություն,"ՀՀ-ում խախտված իրավունքների և ազատությունների վերականգնում, առնչվող նորմատիվ իրավական ակտերի կատարելագործում",587082.5,587082.5,587815.2,587082.5,587082.5,587815.2
ՀՀ  միջուկային անվտանգության կարգավորման  կոմիտե,1054,Միջուկային և ճառագայթային անվտանգության կարգավորում,Ատոմային էներգիայի օգտագործման բնագավառի անվտանգության պետական կարգավորում,"Բնակչության, ատոմային էներգիայի օգտագործման օբյեկտների անձնակազմի, շրջակա միջավայրի պաշտպանություն իոնացնող ճառագայթման հնարավոր վնասակար ազդեցությունից",620609.7,362225.8,364911.3,620609.7,362225.8,364911.3
ՀՀ քննչական կոմիտե,1180,ՀՀ քննչական ծառայություններ,Հանցագործությունների օբյեկտիվ և արդյունավետ նախաքննության իրականացման ապահովոււմ,"Հանցագործությունների արդյունավետ նախաքննություն, նախաքննության ժամկետների կրճատում",17317444.9,17466906.9,17631031.4,17317444.9,17466906.9,17631031.4
ՀՀ քաղաքաշինության կոմիտե,1103,Քաղաքաշինության և ճարտարապետության բնագավառում պետական քաղաքականության իրականացում և կանոնակարգում,Քաղաքաշինության և ճարտարապետության բնագավառում պետական քաղաքականության մշակմանն աջակցություն և իրականացման ապահովում,"Քաղաքաշինության գործունեության կանոնակարգում, քաղաքաշինական տեղեկատվական համակարգի ձևավորում և քաղաքաշինության բնագավառում պետական ծրագրերի իրականացման ապահովում",5102104.8,13302302.0,13402458.3,5102104.8,13302302.0,13402458.3
Կոռուպցիայի կանխարգելման հանձնաժողով,1181,Կոռուպցիայի կանխարգելման համակարգի զարգացման ապահովում,Նպաստել կոռուպցիայի կանխարգելման համակարգի զարգացմանը և հանրային ինստիտուտների նկատմամբ հասարակության վստահության բարձրացմանը,Բարձրաստիճան պաշտոնատար անձանց գործունեության թափանցիկության և հրապարակայնության բարելավում,412826.5,399583.0,403044.7,412826.5,399583.0,403044.7
ՀՀ պետական վերահսկողական ծառայություն,1203,Պետական վերահսկողական ծառայություններ,"Վերահսկվող օբյեկտի գործունեության, ինչպես նաև պետական միջոցների կառավարման և ձևավորման արդյունավետության ու օրինականության նկատմամբ պետական վերահսողության ապահովում","ՀՀ պետական միջոցների կառավարման, ձևավորման և օգտագործման արդյունավետության և օրինականության գնահատում",950857.7,961795.0,977973.1,950857.7,961795.0,977973.1
Հակակոռուպցիոն կոմիտե,1231,Կոռուպցիոն հանցագործությունների բացահայտման և քննության ապահովում,ՀՀ քրեական դատավարության օրենսգրքով ՀՀ հակակոռուպցիոն կոմիտեի ենթակայությանը վերապահված քրեական գործերի  քննության իրականացումը և օպերատիվ -հետախուզական գործունեությունը,"Արդյունավետ օպերատիվ-հետախուզական գործունեություն, հետաքննություն և նախաքննություն` դրանց ողջամիտ ժամկետներում իրականացում",3690924.7,3645296.0,3685244.1,3690924.7,3645296.0,3685244.1
ՀՀ Արագածոտնի  մարզպետի աշխատակազմ,1002,ՀՀ Արագածոտնի մարզում տարածքային պետական կառավարում,ՀՀ Արագածոտնի մարզում պետական քաղաքականության իրականացման ապահովում,"ՀՀ Արագածոտնի մարզում իրականացվող պետական ծրագրերի արդյունավետության և հասցեականության բարելավում, հետադարձ կապի ապահովում",519351.4,518475.0,523043.0,519351.4,518475.0,523043.0
ՀՀ  Արարատի  մարզպետի աշխատակազմ,1009,ՀՀ Արարատի մարզում տարածքային պետական կառավարում,ՀՀ Արարատի մարզում պետական քաղաքականության իրականացման ապահովում,"ՀՀ Արարատի մարզում իրականացվող պետական ծրագրերի արդյունավետության և հասցեականության բարելավում, հետադարձ կապի ապահովում",533390.3,538046.0,542743.8,533390.3,538046.0,542743.8
ՀՀ  Արմավիրի մարզպետի աշխատակազմ,1010,ՀՀ Արմավիրի մարզում տարածքային պետական կառավարում,ՀՀ Արմավիրի մարզում պետական քաղաքականության իրականացման ապահովում,"ՀՀ Արմավիրի մարզում իրականացվող պետական ծրագրերի արդյունավետության և հասցեականության բարելավում, հետադարձ կապի ապահովում",555043.2,559840.0,564684.7,555043.2,559840.0,564684.7
ՀՀ Գեղարքունիքի մարզպետի աշխատակազմ,1025,ՀՀ Գեղարքունիքի մարզում տարածքային պետական կառավարում,ՀՀ Գեղարքունիքի մարզում պետական քաղաքականության իրականացման ապահովում,"ՀՀ Գեղարքունիքի մարզում իրականացվող պետական ծրագրերի արդյունավետության և հասցեականության բարելավում, հետադարձ կապի ապահովում",756946.3,763469.0,770052.4,756946.3,763469.0,770052.4
ՀՀ Լոռու մարզպետի աշխատակազմ,1030,ՀՀ Լոռու մարզում տարածքային պետական կառավարում,ՀՀ Լոռու մարզում պետական քաղաքականության իրականացման ապահովում,"ՀՀ Լոռու մարզում իրականացվող պետական ծրագրերի արդյունավետության և հասցեականության բարելավում, հետադարձ կապի ապահովում",643226.4,645789.0,651404.5,643226.4,645789.0,651404.5
ՀՀ Կոտայքի մարզպետի աշխատակազմ,1037,ՀՀ Կոտայքի մարզում տարածքային պետական կառավարում,ՀՀ Կոտայքի մարզում պետական քաղաքականության իրականացման ապահովում,"ՀՀ Կոտայքի մարզում իրականացվող պետական ծրագրերի արդյունավետության և հասցեականության բարելավում, հետադարձ կապի ապահովում",602609.7,602611.0,607764.8,602609.7,602611.0,607764.8
ՀՀ Շիրակի մարզպետի աշխատակազմ,1039,ՀՀ Շիրակի մարզում տարածքային պետական կառավարում,ՀՀ Շիրակի մարզում պետական քաղաքականության իրականացման ապահովում,ՀՀ Շիրակի մարզում պետական քաղաքականության իրականացման ապահովում,690010.3,689796.0,695891.1,690010.3,689796.0,695891.1
ՀՀ Սյունիքի մարզպետի աշխատակազմ,1047,ՀՀ Սյունիքի մարզում տարածքային պետական կառավարում,ՀՀ Սյունիքի մարզում պետական քաղաքականության իրականացման ապահովում,"ՀՀ Սյունիքի մարզում իրականացվող պետական ծրագրերի արդյունավետության և հասցեականության բարելավում, հետադարձ կապի ապահովում",603049.1,605235.0,610474.0,603049.1,605235.0,610474.0
ՀՀ Վայոց ձորի մարզպետի աշխատակազմ,1051,ՀՀ Վայոց ձորի մարզում տարածքային պետական կառավարում,ՀՀ Վայոց ձորի մարզում պետական քաղաքականության իրականացման ապահովում,"ՀՀ Վայոց ձորի մարզում իրականացվող պետական ծրագրերի արդյունավետության և հասցեականության բարելավում, հետադարձ կապի ապահովում",463179.4,463827.0,467802.3,463179.4,463827.0,467802.3
ՀՀ Տավուշի մարզպետի աշխատակազմ,1055,ՀՀ Տավուշի մարզում տարածքային պետական կառավարում,ՀՀ Տավուշի մարզում պետական քաղաքականության իրականացման ապահովում,"ՀՀ Տավուշի մարզում իրականացվող պետական ծրագրերի արդյունավետության և հասցեականության բարելավում, հետադարձ կապի ապահովում",567677.7,569639.0,574143.7,567677.7,569639.0,574143.7
ՀՀ կառավարություն,1139,ՀՀ կառավարության պահուստային ֆոնդ,"Պետական բյուջեում չկանխատեսված, ինչպես նաեւ բյուջետային երաշխիքների ապահովման ծախսերի ֆինանսավորման ապահովում",Պահուստային ֆոնդի կառավարման արդյունավետության և թափանցիկության ապահովում,65427053.5,131650286.3,285729590.5,65171053.5,131394286.3,285473590.5
ՀՀ կառավարություն,1185,Արտասահմանյան պատվիրակությունների ընդունելությունների և պաշտոնական գործուղումների կազմակերպում,ՀՀ միջազգային համագործակցության և միջազգային ներկայացուցչականության ապահովում,Արտասահմանյան պաշտոնական գործուղումների և արտասահմանյան պատվիրակությունների ընդունելությունների կազմակերպման ապահովում,65427053.5,131650286.3,285729590.5,200000.0,200000.0,200000.0
ՀՀ կառավարություն,1195,Հասարակության և պետության հանդեպ հատուկ ծառայություններ մատուցած քաղաքացիների մահվան դեպքում արարողակարգային միջոցառումների կազմակերպում,Պետական հոգածության դրսևորում և հարգանքի տուրքի մատուցում հասարակության և պետության հանդեպ հատուկ ծառայություններ մատուցած քաղաքացիներին,"Հասարակության և պետության հանդեպ հատուկ ծառայություններ մատուցած քաղաքացիների հրաժեշտի, թաղման, գերեզմանի բարեկարգման և մահարձանի պատրաստման ծառայությունների մատուցման աջակացություն",65427053.5,131650286.3,285729590.5,56000.0,56000.0,56000.0
